description,title,url
"Brighten up breakfast or brunch with this easy, gratin-inspired cheesy skillet hash brown and eggs. It’s ideal for lazy weekends when you have some solo time",Cheesy skillet hash brown &amp; eggs,https://www.bbcgoodfoodme.com/recipes/cheesy-skillet-hash-brown-eggs/
Swap your weekly takeaway for this healthy beef chow mein – it’s quick to cook and low in fat and calories,Healthy beef chow mein,https://www.bbcgoodfoodme.com/recipes/healthy-beef-chow-mein/
Lighten the carb-load by replacing half the potato with celeriac in this potato kugel. Potato kugel is a traditional Jewish Sabbath side dish,Potato &amp; celeriac kugel,https://www.bbcgoodfoodme.com/recipes/potato-celeriac-kugel/
Throw a Halloween party to remember with this gory tear ‘n’ share bread. Make a tomato sauce base and use the pizza fillings of your choice,Gory guts pizza tear ‘n’ share bread,https://www.bbcgoodfoodme.com/recipes/gory-guts-pizza-tear-n-share-bread/
Have this creamy rice pudding cooking in the oven while you make dinner and round off your meal with a comforting pud. Serve with jam for a feel-good treat,Classic rice pudding,https://www.bbcgoodfoodme.com/recipes/baked-rice-pudding/
"Make lunch more exciting with this silky and deeply savoury miso and butternut soup. Delivering all of your five-a-day, it’s also bursting with goodness",Miso &amp; butternut soup,https://www.bbcgoodfoodme.com/recipes/miso-butternut-soup/
"Cook a healthy, low-fat version of roast beef for two, made with lean, juicy steak and roasted veg, plus gravy on the side",Healthy roast dinner,https://www.bbcgoodfoodme.com/recipes/healthy-roast-dinner/
"Prepare these pesto egg and feta muffin bites for breakfast, an afternoon snack, or as part of a picnic hamper. Simple to make, kids will love them!",Pesto egg muffin bites,https://www.bbcgoodfoodme.com/recipes/pesto-egg-muffin-bites/
"Whip up an easy vegan salad, with beans, radish, pickled cabbage and couscous. Bursting with flavour, it makes a satisfying dinner or lunch on the go",Vegan salad bowl,https://www.bbcgoodfoodme.com/recipes/buddha-bowl-salad/
"Bring colour to your dinner table with our creamy beetroot and feta pasta. Packed with nutrients, it’s a satisfying veggie lunch or supper for the family",Beetroot &amp; feta pasta,https://www.bbcgoodfoodme.com/recipes/beetroot-feta-pasta/
"Rustle up a versatile coconut dhal. It’s the most comforting vegan meal, all made in one pan, and it can also be used as a base to make other curries.",One-pan coconut dhal,https://www.bbcgoodfoodme.com/recipes/one-pan-coconut-dhal/
"Barbecuing for more than four people? Prepare a large chicken kebab to carve, then the cooking is done in one go – and you can enjoy the party",Big barbecue chicken kebab,https://www.bbcgoodfoodme.com/recipes/big-barbecue-chicken-kebab/
"Make this soup recipe your own using up any bits and bobs you have. Make a tomatoey soup with leftover veg, then finish it with flavourful toppings",Fridge-raid soup,https://www.bbcgoodfoodme.com/recipes/fridge-raid-soup/
Get the kids to help you prep the veg for these family-friendly burgers. These veggie buns have all the comforting textures of meat but are completely vegan,Pulled BBQ aubergine &amp; black bean burgers,https://www.bbcgoodfoodme.com/recipes/pulled-bbq-aubergine-black-bean-burgers/
"Rustle up this easy family one pot dinner, with chicken, cauliflower, beans and peas in mild curry flavours. Serve with yogurt and mango chutney on the side",One-pot chicken &amp; curry rice,https://www.bbcgoodfoodme.com/recipes/one-pot-chicken-curry-rice/
"Mangos are delicious, yet notoriously tricky to prepare. Find out how to peel the skin, remove the stone and cut the flesh into bite-sized chunks.",How to cut a mango,https://www.bbcgoodfoodme.com/recipes/how-to-cut-a-mango/
"Rustle up soft, fluffy naan bread topped with herby garlic butter. A perfect side dish for dunking into curries, it’s super easy to make",Easy naan bread,https://www.bbcgoodfoodme.com/recipes/easy-naan-bread/
This summer treat yourself to our ultimate beef burgers and buns made from scratch. They’re well worth the effort and perfect for a weekend entertaining treat,Next level beef burgers,https://www.bbcgoodfoodme.com/recipes/next-level-burgers-and-buns/
"Fire up the barbecue to make our broccoli, cauliflower and halloumi and couscous dish. It’s an easy summertime supper suitable for the whole family","Barbecued broccoli, cauliflower &amp; halloumi",https://www.bbcgoodfoodme.com/recipes/barbecued-broccoli-cauliflower-halloumi/
"Make a batch of Mexican-inspired pulled chicken and black bean chilli, which can be easily doubled and kept in the freezer. Serve with rice or tortilla wraps",Pulled chicken &amp; black bean chilli,https://www.bbcgoodfoodme.com/recipes/pulled-chicken-black-bean-chilli/
"Enjoy udon noodles with kimchi, radish and spring onion for a speedy midweek meal that delivers three of your 5-a-day. Top with a fried egg and chilli flakes",Kimchi sesame udon noodles,https://www.bbcgoodfoodme.com/recipes/kimchi-sesame-udon-noodles/
Heading to the park for a picnic with the family? Kids and adults will love these mini frittatas,"Mini chorizo, pea &amp; potato frittatas",https://www.bbcgoodfoodme.com/recipes/mini-chorizo-pea-potato-frittatas/
"Serve up this healthy fish curry, with vibrant turmeric, ginger and coconut flavours, for an easy midweek meal. It takes just 30 minutes from prep to plate","Turmeric, ginger &amp; coconut fish curry",https://www.bbcgoodfoodme.com/recipes/turmeric-ginger-coconut-fish-curry/
"Forget boring sandwiches at a picnic – pack these prawn cocktail subs instead. If you’re travelling, assemble them when you get there so they’re super-fresh (see tip below)",Spiced prawn cocktail subs,https://www.bbcgoodfoodme.com/recipes/spiced-prawn-cocktail-subs/
These sticky chicken drumsticks are perfect for a summer picnic or party. You could serve them warm or leave to cool before packing into a container,Sticky lime &amp; coconut chicken drumsticks,https://www.bbcgoodfoodme.com/recipes/sticky-lime-coconut-chicken-drumsticks/
"Forget shop-bought versions and make a homemade slaw. It’s an ideal side dish for barbecues or to serve with burgers, salads, sandwiches and more",Classic homemade coleslaw,https://www.bbcgoodfoodme.com/recipes/classic-homemade-coleslaw/
"Enjoy slow-cooked vine tomatoes with garlic as a summer side dish. Woody herbs like thyme, rosemary or bay can also be added to flavour the oil",Slow-cooked vine tomatoes with garlic,https://www.bbcgoodfoodme.com/recipes/slow-cooked-vine-tomatoes-with-garlic/
"Make this giant couscous and tomato salad as a summer side. Zhoug is a spicy, bright green Middle Eastern sauce that brings this dish alive",Giant couscous &amp; tomato salad with zhoug-style dressing,https://www.bbcgoodfoodme.com/recipes/giant-couscous-tomato-salad-with-zhoug-style-dressing/
"Enjoy this simple spinach side dish with Spanish-style chicken dishes. Toasted almonds work well, too","Spinach with chickpeas, pine nuts &amp; raisins",https://www.bbcgoodfoodme.com/recipes/spinach-with-chickpeas-pine-nuts-raisins/
"Enjoy this cheesy cornbread with a spicy chilli, or toasted and topped with poached eggs and grilled tomatoes for breakfast",Courgette &amp; cheddar cornbread,https://www.bbcgoodfoodme.com/recipes/courgette-cheddar-cornbread/
"Dress this courgette and halloumi salad while everything is still fairly warm, then the courgettes will soak up the flavours of the caper and lemon dressing",Grilled courgette &amp; halloumi salad with caper &amp; lemon dressing,https://www.bbcgoodfoodme.com/recipes/grilled-courgette-halloumi-salad-with-caper-lemon-dressing/
"Celebrate tomatoes – even better if they’re homegrown – with this juicy coconut curry, that brings plenty of colour and flavour to your plate",Tomato &amp; coconut curry,https://www.bbcgoodfoodme.com/recipes/tomato-coconut-curry/
"Get the family involved and your own Glamorgan sausages, a traditional Welsh vegetarian sausage featuring cheese, leeks and breadcrumbs. Make a batch of 12 and freeze any you don’t eat",Glamorgan sausages,https://www.bbcgoodfoodme.com/recipes/glamorgan-sausages/
"Perfect French fries with our easy recipe – you’ll end up with lightly golden, crisp fries. They’re great as a snack or side dish to a Friday night feast",French fries,https://www.bbcgoodfoodme.com/recipes/french-fries/
Throw together this seasonal take on carbonara in 30 minutes for an easy midweek meal. This is comfort food at its best,Chorizo &amp; purple sprouting broccoli carbonara,https://www.bbcgoodfoodme.com/recipes/chorizo-purple-sprouting-broccoli-carbonara/
"Cook up a speedy lunch of roast peppers with soft eggs, served with an almond and parsley dressing. Enjoy with crusty bread",Roast peppers with ‘jammy’ eggs &amp; almond &amp; parsley dressing,https://www.bbcgoodfoodme.com/recipes/roast-peppers-with-jammy-eggs-almond-parsley-dressing/
"A pared-back take on kedgeree, this simple yet delicious five-ingredient recipe is also low in fat and calories",Easy kedgeree,https://www.bbcgoodfoodme.com/recipes/keep-it-simple-kedgeree/
"Try this easy version of an alla norma, which uses roast aubergine instead of fried. It’s then tossed with spaghetti and a rich tomato and basil sauce",Pasta alla norma,https://www.bbcgoodfoodme.com/recipes/pasta-alla-norma/
"Tuck into baked cod with lemon and thyme for an easy midweek meal. Serve with your favourite veggies for a healthy, fuss-free family dinner",Baked cod,https://www.bbcgoodfoodme.com/recipes/baked-cod/
"Try this riff on a Greek spanakopita. With a sticky-sweet, spiced and tangy twist, it’s a spectacular veggie centrepiece for any special occasion",Sticky tamarind tomato &amp; spinach whirl,https://www.bbcgoodfoodme.com/recipes/sticky-tamarind-tomato-spinach-whirl/
"Make this versatile traybake for a hearty family meal. Filling and full of fuss-free, flavourful ingredients, this is budget-friendly food at its best",Lemon &amp; herb chicken traybake with butter beans &amp; potato wedges,https://www.bbcgoodfoodme.com/recipes/lemon-herb-chicken-traybake-with-butter-beans-potato-wedges/
"Do something different for a family dinner with squash and halloumi flatbreads with sweet chilli beetroot jam. Other squash or sweet potato work well, too",Squash &amp; halloumi flatbreads with sweet chilli beetroot jam,https://www.bbcgoodfoodme.com/recipes/squash-halloumi-flatbreads-with-sweet-chilli-beetroot-jam/
"Cook a traditional Jamaican dish, ackee and salted cod, for a hearty brunch. With peppers, tomato and garlic alongside the ackee fruit, it’s full of flavour",Ackee &amp; saltfish,https://www.bbcgoodfoodme.com/recipes/ackee-saltfish/
"Make these delicious falafels using dried chickpeas, as opposed to canned, for the very best falafels. Stuff into pittas or flatbread, or pop into a lunchbox",Freezable herby falafel,https://www.bbcgoodfoodme.com/recipes/freezable-herby-falafel/
"Tuck into a hearty bowl of Scotch broth soup for a healthy lunch or supper. Packed with veg and grains, serve with a hunk of crusty bread",Scotch broth,https://www.bbcgoodfoodme.com/recipes/scotch-broth/
"Cook a batch of mulligatawny soup, packed with veg and rice and gently spiced with curry powder and spices. Top with coriander and yogurt",Mulligatawny soup,https://www.bbcgoodfoodme.com/recipes/mulligatawny-soup/
"Pack in the veg with this healthy chicken fried rice, which uses everyday foods you’ll find in the fridge for a quick and easy family supper",Fridge-raid fried rice,https://www.bbcgoodfoodme.com/recipes/fridge-raid-fried-rice/
"Whip up these speedy flatbreads for an Indian-style feast. They’re like a cheat’s version of naan bread, and are great for mopping up a curry.",Quick &amp; puffy flatbreads,https://www.bbcgoodfoodme.com/recipes/quick-puffy-flatbreads/
"Make a batch of these crisp Indian snacks seasoned with cumin, then enjoy with a spoonful of your favourite Indian pickle and a cup of masala chai",Spiced Indian crackers (mathri),https://www.bbcgoodfoodme.com/recipes/spiced-indian-crackers-mathri/
Try making this traditional Indian dish – a popular lunch during the Holi festivities in spring,Puris with potato masala (alu puri),https://www.bbcgoodfoodme.com/recipes/puris-with-potato-masala-alu-puri/
Combine the mellowed flavour of cooked radishes with chilli butter for a sumptuous side dish. Not a radish fan? You’ll change your mind after trying this recipe,Chilli-butter smashed radishes,https://www.bbcgoodfoodme.com/recipes/chilli-butter-smashed-radishes/
"Make a chickpea curry served with raita for a brilliant budget-friendly family meal. As well as being quick and easy, it’s healthy too",Chole with cumin rice &amp; raita,https://www.bbcgoodfoodme.com/recipes/chole-with-cumin-rice-raita/
Make a budget-friendly family meal with our quick and easy edamame pesto pasta. Use wholemeal spaghetti for added fibre if you prefer,Creamy edamame pesto pasta with rocket salad,https://www.bbcgoodfoodme.com/recipes/creamy-edamame-pesto-pasta-with-rocket-salad/
"Make a Taiwanese snack favourite, sweet potato balls. They’re made with sweet potato and tapioca starch, rolled into balls and deep-fried until golden brown",Sweet potato balls,https://www.bbcgoodfoodme.com/recipes/sweet-potato-balls/
Contains pork – recipe is for non-Muslims only,"Chicken, spinach &amp; bacon alfredo pasta bake",https://www.bbcgoodfoodme.com/recipes/chicken-spinach-bacon-alfredo-pasta-bake/
Contains pork – recipe is for non-Muslims only,Beef &amp; Boston baked beans,https://www.bbcgoodfoodme.com/recipes/beef-boston-baked-beans/
"Fill these flavour-packed calzone ahead, then bake straight from the freezer when you’re busy. The combo of spicy chorizo and smoky paprika pastry is divine","Chorizo, rocket &amp; preserved lemon calzones",https://www.bbcgoodfoodme.com/recipes/chorizo-rocket-preserved-lemon-calzones/
Celebrate St Patrick’s Day with soda farls – an Irish soda bread flattened into a circle and divided into four ‘farls’. Eat warm with butter,Soda farls,https://www.bbcgoodfoodme.com/recipes/soda-farls/
Contains pork – recipe is for non-Muslims only,Bangers ‘n’ mash with onion gravy,https://www.bbcgoodfoodme.com/recipes/bangers-n-mash-with-onion-gravy/
"Enjoy these Indian potato patties, filled with peas spiced with fruity mango powder, with tamarind sauce and fresh coriander relish",Aloo tikki,https://www.bbcgoodfoodme.com/recipes/aloo-tikki/
"Enjoy a version of the West African staple, jollof rice. It’s a great partner to chicken, fish or salad and you can use a ready-made sauce if you prefer",Baked jollof rice,https://www.bbcgoodfoodme.com/recipes/baked-jollof-rice/
"Add chipotle and brown the mince first for an out of this world chilli con carne. With bags of flavour, this will soon become your go-to chilli recipe…",Smoky chilli con carne,https://www.bbcgoodfoodme.com/recipes/smoky-chilli-con-carne/
Contains pork – recipe is for non-Muslims only,Sausage &amp; sweet potato traybake,https://www.bbcgoodfoodme.com/recipes/sausage-sweet-potato-traybake/
"Enjoy a colourful bowl of healthy goodness with chicken, rice and veg. A great family dish that’s freezable, the peanut butter dressing will prove popular!",Peanut butter rainbow rice,https://www.bbcgoodfoodme.com/recipes/peanut-butter-rainbow-rice/
"Serve these family-friendly crunchy chicken bites with carrot salad, tomato sauce and a baked potato. Use panko breadcrumbs if you can, as they're larger and crisper",Crispy chicken strips,https://www.bbcgoodfoodme.com/recipes/crispy-chicken-strips/
"Serve up a healthy bowlful of warming spaghetti and meatballs with this easy, family-friendly recipe. We guarantee everyone will be looking for seconds",Chicken meatballs,https://www.bbcgoodfoodme.com/recipes/chicken-meatballs-0/
"Load ciabatta rolls with fresh pesto, buffalo mozzarella, artichokes, roasted red peppers and basil leaves for a delicious Italian-Inspired sandwich lunch",Italian-style rolls,https://www.bbcgoodfoodme.com/recipes/italian-style-rolls/
"A satisfying vegetarian salad of contrasting flavours and textures. The salty cheese is cooled by crisp, sweet watermelon",Halloumi &amp; watermelon bulgur salad,https://www.bbcgoodfoodme.com/recipes/halloumi-watermelon-bulghar-salad/
Use chunks of stewing beef in your chilli con carne for a robust and filling dish. Serve with rice and coriander,Chunky chilli,https://www.bbcgoodfoodme.com/recipes/chunky-chilli/
This puff pastry slice requires minimum fuss. Use Italian cheese as a simple base and top with garlic mushrooms and salad leaves,"Mushroom, ricotta &amp; rocket tart",https://www.bbcgoodfoodme.com/recipes/mushroom-ricotta-rocket-tart/
"Spiced lamb and chickpea patties with yogurt, coriander and salad make the perfect filling for flatbread",Lamb &amp; chickpea fritter wraps,https://www.bbcgoodfoodme.com/recipes/lamb-chickpea-fritter-wraps/
"This curried fish and rice dish is suitable for brunch, breakfast or a main course at dinnertime. Replace traditional boiled eggs with poached",Kedgeree with poached egg,https://www.bbcgoodfoodme.com/recipes/kedgeree-poached-egg/
Contains pork – recipe is for non-Muslims only,Super smoky bacon &amp; tomato spaghetti,https://www.bbcgoodfoodme.com/recipes/super-smoky-bacon-tomato-spaghetti/
A midweek budget supper of roast chicken wings with homemade chips and Cajun spices,Spicy oven-baked chicken &amp; chips,https://www.bbcgoodfoodme.com/recipes/spicy-oven-baked-chicken-chips/
"This lunchbox or picnic-friendly dish takes an Italian-style thick omelette and adds some Indian spice, along with potatoes, peas and coriander",Bhaji frittata,https://www.bbcgoodfoodme.com/recipes/bhaji-frittata/
Contains pork – recipe is for non-Muslims only,Spicy sausage &amp; bean one-pot,https://www.bbcgoodfoodme.com/recipes/spicy-sausage-bean-one-pot/
"This budget-friendly supper combines two favourites in one dish. Top your jacket spuds with cheese, tomato, pepperoni and basil",Pizza baked potato,https://www.bbcgoodfoodme.com/recipes/pizza-baked-potato/
Contains pork – recipe is for non-Muslims only,BBQ beans with mashed potato tops,https://www.bbcgoodfoodme.com/recipes/bbq-beans-with-mashed-potato-tops/
Make some magic in your microwave with these easy-to-prepare pumpkin or butternut squash pockets,Pumpkin falafel pockets,https://www.bbcgoodfoodme.com/recipes/pumpkin-falafel-pockets/
Pittas bursting with homemade falafels and salad make a low-fat lunch or light supper for less than a pound per serving,Sweet potato falafels with coleslaw,https://www.bbcgoodfoodme.com/recipes/sweet-potato-falafels-with-coleslaw/
"Healthy, cheap and quick – this soup is a great way to use up leftover turkey or chicken",Turkey noodle soup,https://www.bbcgoodfoodme.com/recipes/turkey-noodle-soup/
"Cheap and easy to prepare, but fun for everyone to put together – the yogurt dressing really makes these",Pea pakora pockets,https://www.bbcgoodfoodme.com/recipes/pea-pakora-pockets/
"This warming bake is a real family winner, it's cheap, low-fat and superhealthy",Spicy turkey &amp; pepper bake,https://www.bbcgoodfoodme.com/recipes/spicy-turkey-and-pepper-bake/
"Plentiful and cheap, plums are full of flavour and goodness, so why not make them into a comforting pud?",Plum betty,https://www.bbcgoodfoodme.com/recipes/plum-betty/
"Kid friendly and easy to barbecue, these low-fat skewers are sure to become a family favourite",Sweet &amp; sour chicken skewers with fruity noodles,https://www.bbcgoodfoodme.com/recipes/sweet-and-sour-chicken-skewers-with-fruity-noodles/
A warming bowl of meat-free comfort food. Make extra for the freezer,Mixed-bean chilli with wedges,https://www.bbcgoodfoodme.com/recipes/mixedbean-chilli-with-wedges/
"This super-satisfying, vegetarian bean burger makes a cheap and easy after-work meal for all the family",Cheesy bean burgers,https://www.bbcgoodfoodme.com/recipes/cheesy-bean-burgers/
One portion of this delicious vegetarian shepherd's pie contains all 5 of your recommended 5-a-day intake,Winter vegetable pie,https://www.bbcgoodfoodme.com/recipes/winter-vegetable-pie/
Contains pork – recipe is for non-Muslims only,Crispy bacon &amp; sausage carbonara,https://www.bbcgoodfoodme.com/recipes/crispy-bacon-and-sausage-carbonara/
"Cold nights require comfort food, and there's no better than jacket potatoes – give yours a health boost with home-baked beans",Jacket potatoes with home-baked beans,https://www.bbcgoodfoodme.com/recipes/jacket-potatoes-with-homebaked-beans/
"This quick, budget take on classic spinach and egg 'florentine' pizza uses flatbreads instead of traditional dough",Cheap-as-chips veggie pizza,https://www.bbcgoodfoodme.com/recipes/cheap-as-chips-veggie-pizza/
"Bump up the good-for-you factor with these vegetable-packed salmon fishcakes, served with a fresh salad","Salmon &amp; broccoli cakes with watercress, avocado &amp; tomato salad",https://www.bbcgoodfoodme.com/recipes/salmon-and-broccoli-cakes-with-watercress-avocado/
Turkey mince is cheap and lean – flavour Mexican-style with cumin and paprika and serve in crisp baked potatoes,Turkey chilli jacket potatoes,https://www.bbcgoodfoodme.com/recipes/turkey-chilli-jacket-potatoes/
This veggie Bolognese-style sauce is great served with pasta and crams in three of your five-a-day,Tagliatelle with vegetable ragu,https://www.bbcgoodfoodme.com/recipes/tagliatelle-with-vegetable-ragu/
"A twist on macaroni cheese, with added veg and a crunchy topping of bread and nuts – make in batches and freeze",Cheese &amp; spinach penne with walnut crumble,https://www.bbcgoodfoodme.com/recipes/cheese-and-spinach-penne-with-walnut-crumble/
"Tinned fish is a lifesaver when you need to rustle up some simple potato patties for a healthy, budget-friendly supper",Raid-the-cupboard tuna sweetcorn cakes,https://www.bbcgoodfoodme.com/recipes/raidthecupboard-tuna-sweetcorn-cakes/
Struggle to get your five-a-day? This superhealthy ragu will get you four steps closer and can be frozen for extra convenience,Lentil ragu,https://www.bbcgoodfoodme.com/recipes/lentil-ragu/
